"Treatment","estimate_absolute","se","lower_absolute","upper_absolute","estimate_relative","lower_relative","upper_relative","Significant"
"Control",3.75158564355395,0.30341765154836,3.08962655148966,4.27991445006125,0.269119327398317,-0.392839764665974,0.797448133905616,FALSE
"Ceno",2.43735227620854,0.310976910164312,2.01642282012821,2.99497488017923,-1.04511403994709,-1.46604349602742,-0.487491435976401,TRUE
"Co_Inoc",3.04927506522306,0.21381284865162,2.53520651345949,3.61145133992785,-0.433191250932575,-0.947259802696141,0.128985023772215,FALSE
"Pilo",4.69165227963698,0.295340289419153,4.06884731164184,5.1051039569049,1.20918596348135,0.586380995486205,1.62263764074927,TRUE
