"Treatment","estimate_absolute","se","lower_absolute","upper_absolute","estimate_relative","lower_relative","upper_relative","Significant"
"Control",3.19530082974967,0.35677784856038,2.50059553454696,3.87943283712811,0.461053565318051,-0.233651729884654,1.1451855726965,FALSE
"Ceno",1.48734959138524,0.256254884733322,1.11086196503431,1.98612947819981,-1.24689767304638,-1.6233852993973,-0.748117786231806,TRUE
"Co_Inoc",2.28386800792203,0.269202872226019,1.81124850477279,2.89666801781396,-0.450379256509586,-0.922998759658826,0.162420753382343,FALSE
"Pilo",3.97047062866953,0.309895252080556,3.33457973663567,4.58599576146965,1.23622336423791,0.600332472204052,1.85174849703803,TRUE
