"Treatment","emmean","SE","df","lower.CL","upper.CL","Part"
"Control",0.453567514597558,0.0275055266994483,82,0.383516854690768,0.523618174504349,"Shoot"
"Pilo",0.47366276586997,0.0291267922686154,82,0.399483091302043,0.547842440437897,"Shoot"
"Ceno",0.351858330159944,0.0256275976469571,82,0.286590351596528,0.41712630872336,"Shoot"
"Co_Inoc",0.395743444153842,0.0253353168124786,82,0.331219842004557,0.460267046303127,"Shoot"
"Control",0.331985572053886,0.0261977350266115,82,0.265265576224314,0.398705567883458,"Roots"
"Pilo",0.385615481186557,0.0277419150836929,82,0.314962790913594,0.45626817145952,"Roots"
"Ceno",0.323318867304663,0.0244090949378934,82,0.261154153034304,0.385483581575022,"Roots"
"Co_Inoc",0.337482443945503,0.0241307110356801,82,0.276026713592106,0.3989381742989,"Roots"
